0.01;1.989542613134445;1.9895426132992453;-1.648003955523336e-10;1.7578708858915584e-10;0.01;0;0;1.989542613310237;1.757920475853325e-10
0.03;1.9936370192600361;1.99363702378847;-4.5284338501261345e-09;4.830329440134544e-09;0.02;0;1;1.9936370242638874;5.00385133328507e-09
0.07;2.0985867909130733;2.0985868862167383;-9.530366495980047e-08;1.0165724262378717e-07;0.04;0;2;2.09858689744763;1.065345567319298e-07
0.15000000000000002;2.6535254223744618;2.6535251865748775;2.3579958430275383e-07;2.5151955658960407e-07;0.08;0;3;2.6535252729407652;1.4943369652797855e-07
0.23000000000000004;3.5501465655812576;3.5501421331329563;4.432448301283642e-06;4.7279448547025515e-06;0.08;1;4;3.550141699811601;4.8657696565257424e-06
0.31000000000000005;4.603554375355268;4.603546441948185;7.933407082383326e-06;8.462300887875548e-06;0.08;1;4;4.6035413286167515;1.3046738516209189e-05
0.39000000000000007;5.6065692540983125;5.606559068380194;1.0185718118727038e-05;1.0864765993308841e-05;0.08;1;4;5.606546090421685;2.3163676627468988e-05
0.4700000000000001;6.362296250155856;6.362285416584933;1.0833570923018954e-05;1.1555808984553551e-05;0.08;1;4;6.362262854608968;3.339554688785995e-05
0.55;6.715077753925305;6.7150679794490795;9.774476225743456e-06;1.0426107974126352e-05;0.08;1;4;6.715035838227806;4.191569749956159e-05
0.63;6.574943284769999;6.574936109323936;7.175446063101276e-06;7.653809133974694e-06;0.08;1;4;6.574896105221253;4.717954874600139e-05
0.71;5.931695854204288;5.931692407578717;3.446625570724393e-06;3.676400608772686e-06;0.08;1;4;5.931647686418264;4.816778602378946e-05
0.7899999999999999;4.856410572096474;4.85641139555702;-8.234605459733757e-07;8.783579157049341e-07;0.08;1;4;4.856366025434353;4.45466621208368e-05
0.8699999999999999;3.4901085158311185;3.4901134766548405;-4.960823722033325e-06;5.291545303502213e-06;0.08;1;4;3.4900717957326632;3.672009845523405e-05
0.9499999999999998;2.021393648188668;2.0214019606087437;-8.312420075817784e-06;8.866581414205636e-06;0.08;1;4;2.0213678828309867;2.5765357681173384e-05
1.0299999999999998;0.6565830822116461;0.6565934314638543;-1.0349252208219362e-05;1.1039202355433986e-05;0.08;1;4;0.6565698197699574;1.3262441688643989e-05
1.1099999999999999;-0.4129538538073483;-0.4129431039205837;-1.0749886764582772e-05;1.1466545882221624e-05;0.08;1;4;-0.4129548979549216;1.0441475732925198e-06
1.19;-1.0410916106873587;-1.0410821594851907;-9.451202167998218e-06;1.0081282312531432e-05;0.08;1;4;-1.0410825169279185;9.093759440137461e-06
1.27;-1.15009668640795;-1.1500900280533757;-6.6583545743625905e-06;7.1022448793200965e-06;0.08;1;4;-1.1500810099076624;1.5676500287664652e-05
1.35;-0.7429738347244523;-0.7429710223358044;-2.8123886479658466e-06;2.999881224496903e-06;0.08;1;4;-0.7429560511894859;1.778353496639795e-05
1.4300000000000002;0.09693872645366286;0.09693724706036771;1.479393295145126e-06;1.5780195148214678e-06;0.08;1;4;0.09695392074354903;1.5194289886166779e-05
1.5100000000000002;1.219060959632729;1.2190554203221335;5.53931059554813e-06;5.908597968584672e-06;0.08;1;4;1.2190693829865737;8.423353844655423e-06
1.5900000000000003;2.4292823964943695;2.4292736701995974;8.726294772110066e-06;9.308047756917403e-06;0.08;1;4;2.4292810360815675;1.360412801965083e-06
1.6700000000000004;3.5205495508590414;3.5205390137592345;1.0537099806917638e-05;1.1239573127378815e-05;0.08;1;4;3.520537032775302;1.2518083739365693e-05
1.7500000000000004;4.3055000749767;4.305489389223391;1.0685753308870005e-05;1.1398136862794672e-05;0.08;1;4;4.305476875872769;2.319910393122626e-05
1.8300000000000005;4.645991253948666;4.645982105243694;9.148704972261612e-06;9.758618637079053e-06;0.08;1;4;4.645959620792748;3.1633155917809574e-05
1.9100000000000006;4.474860759602778;4.474854591058403;6.168544374851592e-06;6.579780666508365e-06;0.08;1;4;4.474824350227871;3.640937490700935e-05
1.9900000000000007;3.806483950760187;3.80648173505904;2.2157011470014254e-06;2.3634145568015206e-06;0.08;1;4;3.8064472519303716;3.669882981549577e-05
2.0700000000000007;2.734460795416301;2.734462881242062;-2.0858257610001374e-06;2.2248808117334797e-06;0.08;1;4;2.734428410271776;3.2385144525193255e-05
2.150000000000001;1.4167974491180695;1.4168035061021094;-6.056984039881641e-06;6.460782975873751e-06;0.08;1;4;1.4167733664817679;2.4082636301603344e-05
2.230000000000001;0.0509218511769054;0.050930922052564886;-9.070875659489275e-06;9.675600703455226e-06;0.08;1;4;0.05090881206997522;1.30391069301794e-05
2.310000000000001;-1.1575223065378666;-1.1575116548073665;-1.0651730500077505e-05;1.1361845866749338e-05;0.08;1;4;-1.15752324517086;9.386329933303017e-07
2.390000000000001;-2.0271766177190007;-2.0271660676988157;-1.0550020185018383e-05;1.1253354864019609e-05;0.08;1;4;-2.0271662532086605;1.0364510340199473e-05
2.470000000000001;-2.429632925871563;-2.4296241440182524;-8.78185331076864e-06;9.367310198153216e-06;0.08;1;4;-2.4296137870864807;1.9138785082528642e-05
2.550000000000001;-2.309736758874465;-2.309731132442033;-5.626432431959927e-06;6.001527927423922e-06;0.08;1;4;-2.309712709936215;2.404893825014298e-05
2.6300000000000012;-1.6943238733513892;-1.6943222913771145;-1.5819742746892018e-06;1.6874392263351486e-06;0.08;1;4;-1.6942995063762485;2.436697514074382e-05
2.7100000000000013;-0.6880106999728297;-0.688013412920392;2.7129475622666988e-06;2.893810733084479e-06;0.08;1;4;-0.6879906127222439;2.0087250585776317e-05
2.7900000000000014;0.5432966204674605;0.5432900402482533;6.580219207186211e-06;7.0189004876652915e-06;0.08;1;4;0.5433085479757588;1.1927508298259504e-05
2.8700000000000014;1.7985709612251366;1.798561551979505;9.409245631530894e-06;1.0036528673632953e-05;0.08;1;4;1.7985721769298753;1.2157047386551767e-06
2.9500000000000015;2.8733791445374735;2.8733683911874137;1.0753350059733435e-05;1.1470240063715665e-05;0.08;1;4;2.8733688250234493;1.0319514024192955e-05
3.0300000000000016;3.5921359178454066;3.5921255175511244;1.0400294282231215e-05;1.1093647234379963e-05;0.08;1;4;3.5921150962424857;2.0821602920939597e-05
3.1100000000000017;3.83580470354655;3.8357962977602638;8.405786286136419e-06;8.966172038545512e-06;0.08;1;4;3.8357761044386467;2.8599107903204413e-05
3.1900000000000017;3.5606717130863728;3.5606666284012882;5.0846850845331915e-06;5.423664090168738e-06;0.08;1;4;3.5606393204880584;3.239259831433472e-05
3.270000000000002;2.8052293396691237;2.805228378377833;9.612912905687665e-07;1.0253773766066842e-06;0.08;1;4;2.805197766270647;3.157339847659202e-05
3.350000000000002;1.6840820310781843;1.6840853445066921;-3.3134285077895953e-06;3.534323741642235e-06;0.08;1;4;1.6840557883353715;2.6242742812820907e-05
3.430000000000002;0.36983671267791274;0.3698437772930787;-7.064615165974786e-06;7.535589510373105e-06;0.08;1;4;0.36981949697819344;1.7215699719297373e-05
3.510000000000002;-0.9341631906607508;-0.9341534905982802;-9.700062470585635e-06;1.034673330195801e-05;0.08;1;4;-0.9341690830628218;5.89240207093944e-06
3.590000000000002;-2.0259554874203745;-2.0259446837068005;-1.0803713573981355e-05;1.1523961145580112e-05;0.08;1;4;-2.0259495243340773;5.963086297189335e-06
3.670000000000002;-2.7368580724220934;-2.7368478710747963;-1.0201347297122965e-05;1.0881437116931162e-05;0.08;1;4;-2.7368415710661114;1.6501355982079247e-05
3.750000000000002;-2.9581128187937744;-2.958104830709887;-7.988083887244812e-06;8.520622813061134e-06;0.08;1;4;-2.9580887390864388;2.4079707335644684e-05
3.8300000000000023;-2.6580680679367807;-2.6580635545690763;-4.513367704461757e-06;4.814258884759208e-06;0.08;1;4;-2.658040546370171;2.7521566609678416e-05
3.9100000000000024;-1.8871870213548418;-1.8871866955571541;-3.257976877169e-07;3.4751753356469334e-07;0.08;1;4;-1.887160719047652;2.6302307189807195e-05
3.9900000000000024;-0.7700913582717115;-0.7700952717559811;3.913484269646439e-06;4.174383220956202e-06;0.08;2;5;-0.7700707261326778;2.0632139033693875e-05
4.070000000000002;0.5141037464722258;0.5140962112991652;7.535173060624345e-06;8.037517931332635e-06;0.08;2;5;0.5141151694522063;1.1422979980468817e-05
4.150000000000002;1.7600585013956553;1.7600485339268117;9.9674688436302e-06;1.063196676653888e-05;0.08;2;5;1.760058645935362;1.4453970664796145e-07
4.230000000000002;2.768618207211706;2.768607380860077;1.0826351628967501e-05;1.1548108404232e-05;0.08;2;5;2.7686067995489423;1.1407662763751603e-05
4.310000000000002;3.378246984381528;3.3782370081719897;9.976209538464786e-06;1.0641290174362439e-05;0.08;2;5;3.3782255886591397;2.139572238846199e-05
4.390000000000002;3.4905227959807315;3.4905152447318364;7.551248895065754e-06;8.054665488070137e-06;0.08;2;5;3.490494566514601;2.822946613045829e-05
4.470000000000002;3.0856686350149407;3.0856647007089912;3.934305949471195e-06;4.196593012769275e-06;0.08;2;5;3.0856378175527643;3.081746217636905e-05
4.5500000000000025;2.2256678174270683;2.225668121021651;-3.035945828067099e-07;3.238342216604906e-07;0.08;2;5;2.225639078135737;2.873929133118125e-05
4.630000000000003;1.0444715202182766;1.0444760136100835;-4.493391806859037e-06;4.79295126064964e-06;0.08;3;6;1.0444492083356909;2.2311882585723808e-05
4.710000000000003;-0.27315544382933266;-0.273147470210645;-7.973618687651118e-06;8.505193266827859e-06;0.08;3;6;-0.2731679832692286;1.2539439895931093e-05
4.790000000000003;-1.5208108494159644;-1.5208006545827746;-1.0194833189869357e-05;1.0874488735860647e-05;0.08;3;6;-1.520811804281331;9.548653665536477e-07
4.870000000000003;-2.503047016234813;-2.503036209871695;-1.0806363118120998e-05;1.1526787325995731e-05;0.08;3;6;-2.503036393949401;1.0622285412154042e-05
4.950000000000003;-3.066232966497556;-3.0662232548279755;-9.711669580525495e-06;1.0359114219227194e-05;0.08;3;6;-3.066212593395156;2.037310240021739e-05
5.030000000000003;-3.12281434452935;-3.122807260940962;-7.083588387857276e-06;7.555827613714427e-06;0.08;3;6;-3.1227875780128427;2.676651650723727e-05
5.110000000000003;-2.6651410076541016;-2.6651376706110055;-3.33704309607441e-06;3.559512635812704e-06;0.08;3;6;-2.665112206604498;2.8801049603455198e-05
5.190000000000003;-1.7666792319338174;-1.76668016839608;9.364622626240049e-07;9.988930801322718e-07;0.08;3;6;-1.7666530689816429;2.6162952174502152e-05
5.270000000000003;-0.570417167334424;-0.5704222295630667;5.062228642604971e-06;5.39971055211197e-06;0.08;3;6;-0.5703978915721588;1.9275762265236196e-05
5.350000000000003;0.7337059196551432;0.7336975307730379;8.38888210530353e-06;8.948140912323766e-06;0.08;3;6;0.733715153116743;9.233461599755799e-06
5.430000000000003;1.9387831761247476;1.9387727849133236;1.0391211423987912e-05;1.1083958852253773e-05;0.08;3;6;1.9387808039067624;2.372217985158187e-06
5.510000000000003;2.853602712689752;2.85359195960239;1.0753087361869973e-05;1.1469959852661305e-05;0.08;3;6;2.8535890096165977;1.3703073154403e-05
5.590000000000003;3.3328324628059756;3.332823045433463;9.417372512476874e-06;1.0045197346641998e-05;0.08;3;6;3.332809498184757;2.296462121842424e-05
5.6700000000000035;3.2999618145326783;3.2999552195906534;6.59494202492894e-06;7.03460482659087e-06;0.08;3;6;3.299933125141778;2.8689390900282774e-05
5.7500000000000036;2.759378024835742;2.7593752934447116;2.731391030241781e-06;2.9134837655912332e-06;0.08;3;6;2.7593480562495016;2.9968586240158857e-05
5.830000000000004;1.795670806065;1.7956723693800436;-1.5633150436400456e-06;1.667536046549382e-06;0.08;3;6;1.7956442105160881;2.659554891182303e-05
5.910000000000004;0.5602748656008407;0.5602804767414532;-5.611140612482579e-06;5.985216653314751e-06;0.08;3;6;0.560255767231476;1.9098369364756174e-05
5.990000000000004;-0.7524407610114787;-0.7524319879846154;-8.773026863306832e-06;9.35789532086062e-06;0.08;3;6;-0.7524494175097048;8.6564982261228e-06
6.070000000000004;-1.935861623346143;-1.935851073561036;-1.0549785107061282e-05;1.1253104114198701e-05;0.08;3;6;-1.9358585378691577;3.085476985242863e-06
6.150000000000004;-2.8037499191547854;-2.8037392582470866;-1.0660907698856192e-05;1.1371634878779938e-05;0.08;3;6;-2.8037356416655324;1.427748925308947e-05
6.230000000000004;-3.219649408255739;-3.219640319401691;-9.088854048044936e-06;9.694777651247932e-06;0.08;3;6;-3.2196262521663876;2.315608935132829e-05
6.310000000000004;-3.118430794998636;-3.1184247131787353;-6.081819900582985e-06;6.487274560621851e-06;0.08;3;6;-3.1184024721311983;2.832286743759127e-05
6.390000000000004;-2.51657604384087;-2.516573929288178;-2.114552692056293e-06;2.2555228715267125e-06;0.08;3;6;-2.516547078598566;2.8965242304224148e-05
6.470000000000004;-1.5095779670446863;-1.5095801536453006;2.186600614351164e-06;2.3323739886412416e-06;0.08;3;6;-1.5095529822841627;2.4984760523594218e-05
6.550000000000004;-0.25686563836689835;-0.2568717809468365;6.142579938139825e-06;6.5520852673491465e-06;0.08;3;6;-0.2568486257169673;1.701264993103635e-05
6.630000000000004;1.0433644159319904;1.0433552871112672;9.128820723125486e-06;9.737408771333851e-06;0.08;3;6;1.0433707261039655;6.3101719751657015e-06
6.710000000000004;2.185437641942665;2.1854269680837195;1.0673858945597914e-05;1.1385449541971108e-05;0.08;3;6;2.1854322114477167;5.430494948388542e-06
6.7900000000000045;2.988671581645834;2.988661047880927;1.053376490700586e-05;1.1236015900806251e-05;0.08;3;6;2.9886552282408005;1.6353405033253665e-05
6.8700000000000045;3.325900371878156;3.325891641223798;8.730654358135581e-06;9.312697982011286e-06;0.08;3;6;3.32587564002801;2.4731850146064716e-05
6.950000000000005;3.143550223100048;3.1435446739031443;5.549196903764653e-06;5.919143364015629e-06;0.08;3;6;3.1435209821382966;2.9240961751497707e-05
7.030000000000005;2.470096397105084;2.4700949054321435;1.4916729407232765e-06;1.5911178034381617e-06;0.08;3;6;2.4700672302335374;2.9166871546859596e-05
7.110000000000005;1.411566508898393;1.4115693102238036;-2.8013254105285768e-06;2.9880804378971484e-06;0.08;3;6;1.4115419894894163;2.4519408976741985e-05
7.190000000000005;0.1348000787845276;0.13480673081422911;-6.6520297015149055e-06;7.0954983482825656e-06;0.08;3;6;0.13478404824143164;1.6030543095957306e-05
7.270000000000005;-1.1588927202065833;-1.1588832677066905;-9.452499892814714e-06;1.0082666552335695e-05;0.08;3;6;-1.1588977590215699;5.038814986590978e-06
7.350000000000005;-2.2655144182735265;-2.2655036576687912;-1.0760604735260415e-05;1.1477978384277776e-05;0.08;3;6;-2.2655076962794887;6.721994037839352e-06
7.430000000000005;-3.0105878182439274;-3.0105774484193506;-1.0369824576805797e-05;1.1061146215259518e-05;0.08;3;6;-3.010570421650255;1.7396593672280858e-05
7.510000000000005;-3.2767029143350284;-3.27669457247876;-8.341856268412329e-06;8.897980019639818e-06;0.08;3;6;-3.2766776132360436;2.5301098984797932e-05
7.590000000000005;-3.0220541102777814;-3.0220491134051812;-4.996872600138147e-06;5.3299974401473564e-06;0.08;3;6;-3.0220249213942245;2.918888355685212e-05
7.670000000000005;-2.287041120275045;-2.2870402573009687;-8.629740761989524e-07;9.205056812788825e-07;0.08;3;6;-2.2870126728762616;2.8447398783271183e-05
7.750000000000005;-1.1878914181400106;-1.187894825326584;3.407186573323173e-06;3.6343323448780514e-06;0.08;3;6;-1.1878682232540263;2.3194885984345603e-05
7.830000000000005;0.1016888880073783;0.10168174856349887;7.139443879422558e-06;7.615406804717395e-06;0.08;3;6;0.10170314971992062;1.4261712542318339e-05
7.9100000000000055;1.3779388298675515;1.377929085312017;9.7445555344855e-06;1.0394192570117866e-05;0.08;3;6;1.3779418891465254;3.0592789739269932e-06
7.9900000000000055;2.4392113889026694;2.4392005776718664;1.0811230803042804e-05;1.1531979523245657e-05;0.08;3;6;2.4392027460959245;8.64280674495177e-06
8.070000000000006;3.1178085923795975;3.1177984213153147;1.0171064282804565e-05;1.0849135234991536e-05;0.08;3;6;3.117789596271466;1.899610813138608e-05
8.150000000000006;3.306456831999841;3.3064489068764473;7.925123393537348e-06;8.453464953106505e-06;0.08;3;6;3.306430466815415;2.636518442589164e-05
8.230000000000006;2.9752425327094363;2.9752381047173486;4.427992087663313e-06;4.723191560174201e-06;0.08;3;6;2.975212946921537;2.9585787899133464e-05
8.310000000000006;2.1763344003291727;2.1763341685393782;2.317897944692504e-07;2.4724244743386713e-07;0.08;3;6;2.176306251659021;2.8148670151662003e-05
8.390000000000006;1.0357467073944002;1.0357507083904767;-4.000996076447549e-06;4.267729148210719e-06;0.08;4;7;1.035724427415753;2.2279978647121723e-05
8.470000000000006;-0.2665559881935087;-0.26654838609119036;-7.602102318315929e-06;8.10890913953699e-06;0.08;4;7;-0.26656889374396747;1.2905550458797155e-05
8.550000000000006;-1.525071665608718;-1.525061662614688;-1.0002994029978396e-05;1.0669860298643622e-05;0.08;4;7;-1.5250731703494402;1.5047407222468223e-06
8.630000000000006;-2.5412054460070648;-2.5411946213833083;-1.0824623756455765e-05;1.1546265340219481e-05;0.08;4;7;-2.541195322869797;1.0123137267559201e-05
8.710000000000006;-3.1546236913943897;-3.1546137541196373;-9.937274752402914e-06;1.0599759735896442e-05;0.08;4;7;-3.154603548508199;2.0142886190566145e-05
8.790000000000006;-3.268567475810428;-3.2685599947700266;-7.481040401380312e-06;7.979776428139e-06;0.08;4;7;-3.268540502646572;2.6973163855803506e-05
8.870000000000006;-2.8651289894061374;-2.865125145699561;-3.8437065765783984e-06;4.099953681683625e-06;0.08;4;7;-2.8650994532618306;2.9536144306785417e-05
8.950000000000006;-2.0080790681314564;-2.0080794686027135;4.004712570448987e-07;4.2716934084789197e-07;0.08;4;7;-2.0080516404469053;2.742768455110678e-05
9.030000000000006;-0.8327994452324925;-0.8328040266628268;4.58143033432723e-06;4.886859023282379e-06;0.08;5;8;-0.8327784641009612;2.0981131531261354e-05
9.110000000000007;0.475090798413063;0.4750827593243173;8.039088745692702e-06;8.57502799540555e-06;0.08;5;8;0.47510201310851563;1.1214695452621548e-05
9.190000000000007;1.7090401707339529;1.70902994317606;1.0227557892816819e-05;1.0909395085671273e-05;0.08;5;8;1.7090398414323147;3.293016381800129e-07
9.270000000000007;2.674174485761119;2.674163684434847;1.0801326272069645e-05;1.152141469020762e-05;0.08;5;8;2.6741626578378552;1.1827923263929563e-05
9.350000000000007;3.218063003679814;3.2180533338716706;9.669808143542014e-06;1.0314462019778148e-05;0.08;5;8;3.218041538260978;2.1465418836186245e-05
9.430000000000007;3.2547836958902847;3.2547766842452575;7.011645027255042e-06;7.479088029072045e-06;0.08;5;8;3.2547559760008773;2.7719889407418208e-05
9.510000000000007;2.778488258192564;2.7784850116904116;3.2465021524430426e-06;3.462935629272579e-06;0.08;5;8;2.778458654631595;2.96035609692602e-05
9.590000000000007;1.8643252541410957;1.8643262853285867;-1.0311874909518792e-06;1.0999333236820046e-06;0.08;5;8;1.8642984354099803;2.6818731115429983e-05
9.670000000000007;0.6565756439281627;0.6565807899991919;-5.146071029193955e-06;5.489142431140219e-06;0.08;5;8;0.6565558391594741;1.9804768688569396e-05
9.750000000000007;-0.6541261626597294;-0.6541177141606648;-8.44849906467271e-06;9.011732335650891e-06;0.08;5;8;-0.6541358314057706;9.66874604113599e-06
9.830000000000007;-1.860889434874635;-1.860879017783578;-1.0417091057091099e-05;1.1111563794230505e-05;0.08;5;8;-1.8608874455304791;1.989344155850503e-06
9.910000000000007;-2.7732307568998773;-2.773220015850041;-1.0741049836227035e-05;1.1457119825308837e-05;0.08;5;8;-2.7732174277063613;1.3329193516042892e-05
9.990000000000007;-3.247147301580706;-3.2471379323510705;-9.369229635680654e-06;9.99384494472603e-06;0.08;5;8;-3.2471247408576733;2.2560723032860608e-05
10.070000000000007;-3.207851833772186;-3.2078453155612956;-6.518210890593679e-06;6.9527582832999235e-06;0.08;5;8;-3.2078236070743174;2.8226697868838357e-05
10.150000000000007;-2.6615800865975077;-2.661577448490543;-2.6381069648806488e-06;2.8139807625393588e-06;0.08;5;8;-2.661550653803987;2.9432793520633993e-05
10.230000000000008;-1.6946063859263596;-1.6946080444252423;1.6584988826728875e-06;1.76906547485108e-06;0.08;5;8;-1.6945803971357107;2.5988790648856508e-05
10.310000000000008;-0.4596229347012466;-0.4596286279681516;5.693266905026917e-06;6.072818032028712e-06;0.08;5;8;-0.45960449609403276;1.843860721384427e-05
10.390000000000008;0.8483668310198442;0.8483580018240576;8.829195786597133e-06;9.417808839036941e-06;0.08;5;8;0.8483748054461727;7.97442632849421e-06
10.470000000000008;2.0228349049449883;2.0228243337538174;1.0571191170871685e-05;1.1275937248929798e-05;0.08;5;8;2.022831153422446;3.7515225423945253e-06
10.550000000000008;2.878334854905849;2.8783242106756948;1.0644230154177592e-05;1.1353845497789431e-05;0.08;5;8;2.878319967092052;1.4887813796882199e-05
10.630000000000008;3.2797796551427716;3.2797706183614137;9.036781357885104e-06;9.639233448410778e-06;0.08;5;8;3.279755979018164;2.3676124607519e-05
10.710000000000008;3.1637688802792883;3.163762877653811;6.002625477119494e-06;6.402800508927461e-06;0.08;5;8;3.1637401514444456;2.8728834842617346e-05
10.790000000000008;2.5485981657345205;2.5485961449456114;2.020788909096183e-06;2.155508169702595e-06;0.08;5;8;2.5485689176331228;2.9248101397705284e-05
10.870000000000008;1.5313706606120705;1.5313729406960914;-2.2800840209225015e-06;2.4320896223173348e-06;0.08;5;8;1.5313455087924688;2.515181960172086e-05
10.950000000000008;0.27266651090486516;0.27267273188501484;-6.220980149684863e-06;6.635712159663853e-06;0.08;5;8;0.27264942431951145;1.7086585353709438e-05
11.030000000000008;-1.0288092756921972;-1.0288000959734798;-9.179718717389207e-06;9.791699965215154e-06;0.08;5;8;-1.028815601303576;6.325611378921181e-06
11.110000000000008;-2.16759803886855;-2.167587349688495;-1.0689180054868075e-05;1.1401792058525946e-05;0.08;5;8;-2.167592606583236;5.432285314022067e-06
11.190000000000008;-2.963924924756725;-2.9639144137032316;-1.0511053493367228e-05;1.1211790392925043e-05;0.08;5;8;-2.9639085938670213;1.633088970365293e-05
11.270000000000008;-3.292081433599934;-3.292072760138556;-8.673461378005953e-06;9.251692136539683e-06;0.08;5;8;-3.292056783955284;2.4649644650320823e-05
11.350000000000009;-3.100272076003403;-3.1002666094842324;-5.466519170660433e-06;5.8309537820377955e-06;0.08;5;8;-3.100243000714147;2.9075289256219605e-05
11.430000000000009;-2.4187917873017977;-2.4187903907691846;-1.3965326131071265e-06;1.4896347873142683e-06;0.08;5;8;-2.4187628781075414;2.890919425624361e-05
11.510000000000009;-1.355243066275654;-1.3552459602125015;2.8939368474922844e-06;3.086865970658437e-06;0.08;5;8;-1.3552188886151946;2.4177660459479e-05
11.590000000000009;-0.07754794699558798;-0.07755467451395182;6.727518363836005e-06;7.176019588091739e-06;0.08;5;8;-0.07753231922887144;1.5627766716541647e-05
11.670000000000009;1.2125631599535767;1.212553660979938;9.498973638555341e-06;1.0132238547792365e-05;0.08;5;8;1.2125677693763364;4.609422759704884e-06
11.750000000000009;2.3114002276943064;2.3113894569435356;1.0770750770827675e-05;1.1488800822216187e-05;0.08;5;8;2.3113930899428006;7.137751505847945e-06
11.830000000000009;3.0454717556513926;3.0454614135873292;1.0342064063362244e-05;1.1031535000919727e-05;0.08;5;8;3.0454539965778;1.7759073592582553e-05
11.910000000000009;3.2988752307814613;3.298866950187793;8.280593668086311e-06;8.832633245958731e-06;0.08;5;8;3.298849653169634;2.5577611827198865e-05
11.990000000000009;3.0315955557603322;3.0315906439599485;4.9118003837556046e-06;5.239253742672645e-06;0.08;5;8;3.031566196824617;2.9358935715428913e-05
12.07000000000001;2.285822524559589;2.2858217570170276;7.675425615083498e-07;8.187120656089064e-07;0.08;5;8;2.2857940185543253;2.8506005263828627e-05
12.15000000000001;1.1792899548295506;1.1792934527222112;-3.4978926606310523e-06;3.7310855046731223e-06;0.08;5;8;1.1792668013992929;2.3153430257716323e-05
12.23000000000001;-0.11331191846610222;-0.11330470737920906;-7.211086893166296e-06;7.691826019377382e-06;0.08;5;8;-0.11332606468430406;1.4146218201838145e-05
12.31000000000001;-1.3879162139104277;-1.3879064281019866;-9.78580844113175e-06;1.0438195670540533e-05;0.08;5;8;-1.3879191202764043;2.9063659765515837e-06
12.39000000000001;-2.443297099675542;-2.4432862841101155;-1.0815565426369744e-05;1.153660312146106e-05;0.08;5;8;-2.4432883080333156;8.791642226224639e-06
12.47000000000001;-3.112838949022343;-3.1128288112404485;-1.013778189440373e-05;1.0813634020697312e-05;0.08;5;8;-3.1128198480351927;1.910098715018904e-05
12.55000000000001;-3.2908413042176603;-3.290833444752667;-7.859464993487109e-06;8.38342932638625e-06;0.08;5;8;-3.290814910130881;2.6394086779291115e-05
12.63000000000001;-2.949206673528842;-2.949202333217951;-4.340310890693644e-06;4.62966495007322e-06;0.08;5;8;-2.9491771539730447;2.951955579710841e-05
12.71000000000001;-2.141876525146677;-2.1418763892299975;-1.3591667968881893e-07;1.4497779166807352e-07;0.08;5;8;-2.1418485411624797;2.798398419745496e-05
12.79000000000001;-0.9963151321960666;-0.9963192221322884;4.0899362218072e-06;4.362598636594347e-06;0.08;6;9;-0.9962931023601146;2.2029835952008803e-05
12.87000000000001;0.3066142174882158;0.30660654740967774;7.670078538080105e-06;8.181417107285445e-06;0.08;6;9;0.30662681465762776;1.2597169411932008e-05
12.95000000000001;1.5612035427718376;1.5611935034873528;1.0039284484841815e-05;1.0708570117164603e-05;0.08;6;9;1.5612047179946356;1.1752227979666685e-06
13.03000000000001;2.5693769222678657;2.5693660987593465;1.0823508519219871e-05;1.154507575383453e-05;0.08;6;9;2.5693664895642163;1.0432703649421171e-05
13.11000000000001;3.1719623137648263;3.17195241482594;9.898938886365727e-06;1.0558868145456776e-05;0.08;6;9;3.1719419198159065;2.0393948919839033e-05
13.19000000000001;3.2738213073075;3.273813895762701;7.411544799218461e-06;7.905647785833026e-06;0.08;6;9;3.273794171479246;2.7135828254198913e-05
13.27000000000001;2.8588693764290016;2.8588656223979587;3.754031042912942e-06;4.004299779107138e-06;0.08;6;9;2.8588397825037797;2.9593925221949036e-05
13.35000000000001;1.9926152600894933;1.9926157562508684;-4.961613750964489e-07;5.292388001028788e-07;0.08;6;9;1.992587879949789;2.738013970438047e-05
13.43000000000001;0.8118185627109058;0.8118232307314605;-4.6680205546545395e-06;4.979221924964842e-06;0.08;6;9;0.8117977187507204;2.0843960185423782e-05
13.51000000000001;-0.49710159018254463;-0.497093487280875;-8.102901669637674e-06;8.643095114280186e-06;0.08;6;9;-0.49711260746989966;1.1017287355030714e-05
13.59000000000001;-1.7274980422284467;-1.7274877837159077;-1.0258512538996456e-05;1.0942413374929554e-05;0.08;6;9;-1.7274974937477614;5.484806853139901e-07
13.67000000000001;-2.685120657254019;-2.6851098627244068;-1.0794529612390136e-05;1.1514164919882811e-05;0.08;6;9;-2.6851086298742213;1.2027379797885374e-05
13.75000000000001;-3.2187841529005032;-3.218774526572913;-9.62632759016202e-06;1.0268082762839488e-05;0.08;6;9;-3.2187625457407587;2.160715974452998e-05
13.83000000000001;-3.2442369402679097;-3.244230001927997;-6.938339912831992e-06;7.4008959070207915e-06;0.08;6;9;-3.244209164869371;2.777539853848765e-05
13.91000000000001;-2.757462604655246;-2.7574594497145184;-3.1549407277786656e-06;3.3652701096305767e-06;0.08;6;9;-2.757433046374559;2.9558280687069782e-05
13.99000000000001;-1.8353140160859183;-1.835315142640331;1.1265544126448646e-06;1.2016580401545222e-06;0.08;6;9;-1.8352873417445874;2.6674341330856777e-05
14.070000000000011;-0.6233799575330103;-0.6233851877245531;5.230191542748841e-06;5.578870978932097e-06;0.08;6;9;-0.6233603786296735;1.9578903336814335e-05
14.150000000000011;0.6870001365183873;0.686991628421792;8.508096595361003e-06;9.075303035051737e-06;0.08;6;9;0.6870095287104125;9.39219202522601e-06
14.230000000000011;1.8889444637694703;1.8889340210090477;1.0442760422613162e-05;1.1138944450787373e-05;0.08;6;9;1.888942186245504;2.277523966309758e-06
14.310000000000011;2.792690936270586;2.7926802075284516;1.072874213425834e-05;1.1443991609875563e-05;0.08;6;9;2.7926773484278167;1.3587842769169356e-05
14.390000000000011;3.25555643643023;3.255547115538731;9.320891499076112e-06;9.942284265681185e-06;0.08;6;9;3.255533683326315;2.275310391519625e-05
14.470000000000011;3.2044633390728094;3.2044568975956236;6.44147718587007e-06;6.870908998261408e-06;0.08;6;9;3.2044350127677803;2.8326305029136023e-05
14.550000000000011;2.647476857008628;2.6474743119132658;2.545095362016525e-06;2.71476838615096e-06;0.08;6;9;2.6474474294571295;2.942755149826226e-05
14.630000000000011;1.67253171691807;1.672533470019006;-1.7531009359750271e-06;1.8699743317066955e-06;0.08;6;9;1.6725058339455403;2.588297252970051e-05
14.710000000000012;0.4335491954148698;0.4335549699359119;-5.7745210421122906e-06;6.159489111586443e-06;0.08;6;9;0.4335309432434666;1.825217140322133e-05
14.790000000000012;-0.8738636699785995;-0.8738547857074574;-8.884271142095557e-06;9.476555884901927e-06;0.08;6;9;-0.8738714098552073;7.73987660773745e-06
14.870000000000012;-2.043296134696333;-2.043285543306247;-1.0591390085856744e-05;1.1297482758247195e-05;0.08;6;9;-2.0432921404376976;3.99425863539804e-06
14.950000000000012;-2.890121468575979;-2.890110842214654;-1.0626361325094535e-05;1.1334785413434172e-05;0.08;6;9;-2.8901063708971675;1.5097678811581972e-05
15.030000000000012;-3.280645460222775;-3.2806364765591;-8.983663674744236e-06;9.582574586393851e-06;0.08;6;9;-3.2806216428185686;2.3817404206205595e-05
15.110000000000012;-3.1532137963797213;-3.1532078737367266;-5.9226429947045744e-06;6.317485861018212e-06;0.08;6;9;-3.153185019592011;2.877678771051606e-05
15.190000000000012;-2.5279459252210805;-2.5279439986539476;-1.9265671329371514e-06;2.055004941799628e-06;0.08;6;9;-2.5279167323638942;2.919285718627762e-05
15.270000000000012;-1.5035586405934747;-1.5035610142648674;2.3736713927746678e-06;2.531916152292979e-06;0.08;6;9;-1.5035336406638935;2.499992958115982e-05
15.350000000000012;-0.24178087341911825;-0.24178717257857407;6.299159455824821e-06;6.7191034195464756e-06;0.08;6;9;-0.24176401343831383;1.6859980804417862e-05
15.430000000000012;1.058179747980195;1.058170517831381;9.230148814154404e-06;9.845492068431364e-06;0.08;6;9;1.0581858061146623;6.058134467190612e-06
15.510000000000012;2.191087399934525;2.191076696033838;1.070390068713678e-05;1.1417494066279233e-05;0.08;6;9;2.191081699703417;5.700231108018983e-06
15.590000000000012;2.9780802851047503;2.978069797362698;1.0487742052145421e-05;1.1186924855621782e-05;0.08;6;9;2.9780637263802876;1.6558724462711893e-05
15.670000000000012;3.294908975438758;3.294900359639157;8.615799601319196e-06;9.190186241407143e-06;0.08;6;9;3.2948841724144313;2.480302432683601e-05
15.750000000000012;3.091552662949959;3.091547279338056;5.3836119029426754e-06;5.742519363138854e-06;0.08;6;9;3.0915235314165517;2.9131533407333876e-05
15.830000000000013;2.4001163436357698;2.40011504216548;1.3014702897606867e-06;1.3882349757447324e-06;0.08;6;9;2.40008748276392;2.886087184972297e-05
15.910000000000013;1.32976214283259;1.3297651289774035;-2.9861448134216317e-06;3.1852211343164073e-06;0.08;6;9;1.329738109064676;2.4033767914044546e-05
15.990000000000013;0.049475014277652773;0.049481816590924876;-6.8023132721029e-06;7.2558008235764264e-06;0.08;6;9;0.049459601965607725;1.5412312045048893e-05
16.07000000000001;-1.2386162699574144;-1.238606725411421;-9.544545993334097e-06;1.018084905955637e-05;0.08;6;9;-1.2386206275971148;4.35763970041414e-06
16.15000000000001;-2.331150809595364;-2.331140029690635;-1.0779904729307788e-05;1.1498565044594973e-05;0.08;6;9;-2.331143424633206;7.384962158241137e-06
16.230000000000008;-3.055641792152386;-3.055631478798879;-1.0313353506763434e-05;1.1000910407214329e-05;0.08;6;9;-3.055623830554909;1.796159747691206e-05
16.310000000000006;-3.2977083692575055;-3.2977001507070107;-8.218550494820676e-06;8.766453861142054e-06;0.08;6;9;-3.29768266680697;2.570245053545861e-05
16.390000000000004;-3.01913387880053;-3.019129052581482;-4.826219048403857e-06;5.147966984964114e-06;0.08;6;9;-3.0191044933873874;2.938541314279064e-05
16.470000000000002;-2.263899416699781;-2.263898744766088;-6.719336926863662e-07;7.167292721987905e-07;0.08;6;9;-2.2638709876711256;2.8429028655185817e-05
16.55;-1.1512401899775913;-1.1512437784128267;3.5884352354020876e-06;3.82766425109556e-06;0.08;6;9;-1.151217205686387;2.2984291204286578e-05
16.63;0.14317909968034015;0.14317181741116336;7.282269176789313e-06;7.767753788575267e-06;0.08;6;9;0.14319301048738914;1.391080704898906e-05
16.709999999999997;1.414997848858078;1.4149880224651201;9.826392957767993e-06;1.0481485821619193e-05;0.08;6;9;1.4150004899397333;2.6410816553745775e-06
16.789999999999996;2.463423597314067;2.4634127781686903;1.0819145376483874e-05;1.1540421734916132e-05;0.08;6;9;2.463414551672655;9.045641411908889e-06
16.869999999999994;3.1229327415857258;3.1229226377930677;1.0103792658089361e-05;1.0777378835295318e-05;0.08;6;9;3.122913437301803;1.930428392293848e-05
16.949999999999992;3.289403071648432;3.2893952783751783;7.793273253842159e-06;8.312824804098302e-06;0.08;6;9;3.289376556418176;2.6515230256318745e-05
17.02999999999999;2.9365523776900777;2.936548125322687;4.25236739065582e-06;4.535858550032875e-06;0.08;6;9;2.9365228376609864;2.9540029091279507e-05
17.10999999999999;2.1200878324410946;2.1200877923348695;4.0106225007718876e-08;4.27799733415668e-08;0.08;6;9;2.1200599313112605;2.790112983408477e-05
17.189999999999987;0.9689110528242535;0.9689152313110578;-4.178486804340409e-06;4.457052591296436e-06;0.08;7;10;0.9688891955469034;2.1857277350045834e-05
17.269999999999985;-0.33523263169571305;-0.335224894307078;-7.737388635020714e-06;8.253214544022095e-06;0.08;7;10;-0.3352449943575494;1.2362661836351485e-05
17.349999999999984;-1.5864477710092402;-1.5864376962823292;-1.0074726910946907e-05;1.0746375371676701e-05;0.08;7;10;-1.586448687282405;9.162731648970635e-07
17.429999999999982;-2.587195159262153;-2.587184337774837;-1.0821487316015066e-05;1.1542919803749404e-05;0.08;7;10;-2.587184484505492;1.0674756661277485e-05
17.50999999999998;-3.1794789324933017;-3.1794690727204937;-9.859772807985223e-06;1.0517090995184238e-05;0.08;7;10;-3.179458352033381;2.0580459920704897e-05
17.58999999999998;-3.269790642036519;-3.2697833006195705;-7.3414169485808145e-06;7.83084474515287e-06;0.08;7;10;-3.269763405091677;2.7236944842190525e-05
17.669999999999977;-2.8438721829688745;-2.8438685189560995;-3.6640127749620888e-06;3.9082802932928946e-06;0.08;7;10;-2.843842589669143;2.9593299731622835e-05
17.749999999999975;-1.9689668358122097;-1.9689674276706834;5.918584737862886e-07;6.313157053720412e-07;0.08;7;10;-1.9689395583033842;2.7277508825473973e-05
17.829999999999973;-0.7832030315007219;-0.7832077857890067;4.75428828483615e-06;5.07124083715856e-06;0.08;7;10;-0.7831823763153223;2.0655185399620635e-05
17.90999999999997;0.5262130903021867;0.5262049241816571;8.166120529562448e-06;8.710528564866612e-06;0.08;7;10;0.5262238621516662;1.0771849479507267e-05
17.98999999999997;1.7525534139968335;1.7525431252949275;1.0288701906002728e-05;1.097461536640291e-05;0.08;7;10;1.7525526018600497;8.121367838231919e-07
18.06999999999997;2.702205671612292;2.7021948846888044;1.0786923487771105e-05;1.1506051720289179e-05;0.08;7;10;2.702193403696307;1.2267915985297861e-05
18.149999999999967;3.225240562442077;3.2252309803150294;9.582127047380595e-06;1.0220935517205968e-05;0.08;7;10;3.225218775570243;2.178687183373995e-05
18.229999999999965;3.2390822926688694;3.239075428145432;6.864523437233316e-06;7.322158333048871e-06;0.08;7;10;3.239054426498975;2.7866169894252835e-05
18.309999999999963;2.7415454772384376;2.7415424140759055;3.0631625320687306e-06;3.267373367539979e-06;0.08;7;10;2.741515931216337;2.954602210047952e-05
18.38999999999996;1.8111801638313167;1.811181385635705;-1.2218043883294172e-06;1.303258014218045e-06;0.08;7;10;1.811153602615133;2.6561216183829117e-05
18.46999999999996;0.5948705072325675;0.5948758211078117;-5.313875244161714e-06;5.668133593772495e-06;0.08;7;10;0.5948511242457112;1.9382986856331108e-05
18.549999999999958;-0.7153550092646932;-0.7153464422626526;-8.567002040549276e-06;9.138135509919229e-06;0.08;7;10;-0.715364153882904;9.144618210776834e-06
18.629999999999956;-1.912640649279437;-1.9126301816918594;-1.0467587577611681e-05;1.116542674945246e-05;0.08;7;10;-1.912638111802516;2.5374769210273485e-06
18.709999999999955;-2.8079613959905267;-2.8079506804193364;-1.0715571190367257e-05;1.1429942603058407e-05;0.08;7;10;-2.807947577037513;1.3818953013888802e-05
18.789999999999953;-3.2599658462155374;-3.259956574413811;-9.271801726384865e-06;9.88992184147719e-06;0.08;7;10;-3.259942927502082;2.2918713455499784e-05
18.86999999999995;-3.1972924891319825;-3.1972861249133584;-6.364218624099749e-06;6.7884998657063985e-06;0.08;7;10;-3.197264089025441;2.8400106541592862e-05
18.94999999999995;-2.6298361199219977;-2.6298336680566536;-2.4518653440885885e-06;2.6153230336944944e-06;0.08;7;10;-2.629806722180807;2.9397741190706483e-05
19.029999999999948;-1.6471856693525875;-1.6471875169361652;1.847583577685441e-06;1.970755816197804e-06;0.08;7;10;-1.647159915239419;2.5754113168519055e-05
19.109999999999946;-0.404480081652294;-0.40448593699196655;5.855339672566906e-06;6.245695650738033e-06;0.08;7;10;-0.4044620371807474;1.8044471546574403e-05
19.189999999999944;0.9020847134329144;0.9020757747665245;8.938666389957106e-06;9.534577482620914e-06;0.08;7;10;0.9020921994324356;7.485999521161801e-06
19.269999999999943;2.0662308238444735;2.066220213070243;1.0610774230368492e-05;1.1318159179059725e-05;0.08;7;10;2.066226569492426;4.2543520475391006e-06
19.34999999999994;2.904165138591217;2.9041545309170873;1.0607674129747835e-05;1.1314852405064357e-05;0.08;7;10;2.9041498155516936;1.5323039523451598e-05
19.42999999999994;3.2835962186021064;3.2835872887465705;8.929855535910747e-06;9.525179238304797e-06;0.08;7;10;3.283572246041831;2.3972560275531407e-05
19.509999999999938;3.144620206009171;3.1446143638000748;5.842209096051931e-06;6.231689702455393e-06;0.08;7;10;3.1445913686642486;2.8837344922205688e-05
19.589999999999936;2.509178326023957;2.5091764938176446;1.832206312446516e-06;1.9543533999429505e-06;0.08;7;10;2.5091491766732505;2.9149350706525468e-05
19.669999999999934;1.4775928498124078;1.4775953168739768;-2.467061569033646e-06;2.631532340302556e-06;0.08;7;10;1.4775679904938468;2.48593185609991e-05
19.749999999999932;0.212728413662586;0.2127347904972493;-6.376834663313069e-06;6.801956974200607e-06;0.08;7;10;0.21271176911255718;1.664455002881038e-05
19.82999999999993;-1.0857207261126935;-1.0857114462669126;-9.27984578091845e-06;9.898502166313012e-06;0.08;7;10;-1.085726528088937;5.801976243446916e-06
19.90999999999993;-2.2127580254597707;-2.212747307686479;-1.0717773291535337e-05;1.1432291510971027e-05;0.08;7;10;-2.2127520688607896;5.9565989811716236e-06
19.989999999999927;-2.990449099510433;-2.9904386359103765;-1.0463600056631606e-05;1.1161173393740379e-05;0.08;7;10;-2.990432324755097;1.6774755336346203e-05
20.069999999999926;-3.2960136496108703;-3.296005092156419;-8.557454451274538e-06;9.12795141469284e-06;0.08;7;10;-3.295988705066907;2.4944543963290045e-05
20.149999999999924;-3.0812097728611523;-3.081204472586214;-5.30027493805818e-06;5.6536266005953925e-06;0.08;7;10;-3.081180596726124;2.9176135028397e-05
20.229999999999922;-2.379950297911518;-2.379949091612955;-1.2062985632610435e-06;1.2867184674784464e-06;0.08;7;10;-2.3799214964580293;2.880145348882479e-05
20.30999999999992;-1.3029486950615248;-1.3029517731873672;3.0781258424372737e-06;3.283334231933092e-06;0.08;7;10;-1.3029248154080681;2.387965345662657e-05
20.38999999999992;-0.020239853731869983;-0.020246730313723038;6.876581853054731e-06;7.3350206432583795e-06;0.08;7;10;-0.020224665952804977;1.518777906500679e-05
20.469999999999917;1.2656646877869353;1.2656550984101376;9.589376797736193e-06;1.022866858425194e-05;0.08;7;10;1.2656687858732185;4.0980862832107334e-06
20.549999999999915;2.351748861349117;2.351738073129119;1.0788219998225657e-05;1.1507434664774034e-05;0.08;7;10;2.3517412227429926;7.638606124515945e-06
20.629999999999914;3.0665438421419573;3.0665335583014874;1.0283840469860195e-05;1.096942983451754e-05;0.08;7;10;3.0665256728095707;1.8169332386630543e-05
20.709999999999912;3.297199205815837;3.2971910499471755;8.155868661319232e-06;8.699593238740515e-06;0.08;7;10;3.297173374293563;2.5831522273644936e-05
20.78999999999991;3.0072995290857514;3.0072947888212376;4.740264513802828e-06;5.056282148056349e-06;0.08;7;10;3.007270113601367;2.9415484384287538e-05
20.86999999999991;2.242613584320678;2.2426130080438376;5.762768404693475e-07;6.146952965006373e-07;0.08;7;10;2.242585228930864;2.8355389813938814e-05
20.949999999999907;1.1238684567082993;1.1238721354005832;-3.6786922839038283e-06;3.923938436164084e-06;0.08;7;10;1.1238456381041975;2.281860410180414e-05
21.029999999999905;-0.1723106079881247;-0.1723032551113497;-7.35287677500196e-06;7.843068560002091e-06;0.08;7;10;-0.17232428725201243;1.3679263887733661e-05
21.109999999999904;-1.441285446136419;-1.4412755799327177;-9.8662037013586e-06;1.0523950614782506e-05;0.08;7;10;-1.4412878264063789;2.380269959800785e-06
21.189999999999902;-2.4827128427233194;-2.4827020208493185;-1.0821874000921383e-05;1.1543332267649475e-05;0.08;7;10;-2.482703548208265;9.29451505449208e-06
21.2699999999999;-3.132174319890706;-3.1321642508823646;-1.0069008341329067e-05;1.0740275564084338e-05;0.08;7;10;-3.132154817991332;1.9501899374052556e-05
21.3499999999999;-3.2871341993864664;-3.287126472918797;-7.726467669666448e-06;8.241565514310877e-06;0.08;7;10;-3.2871075690249474;2.6630361519064394e-05
21.429999999999897;-2.923127731635129;-2.9231235675474974;-4.1640876315973685e-06;4.4416934737038595e-06;0.08;7;10;-2.923098177161011;2.9554474117787777e-05
21.509999999999895;-2.0976235417927924;-2.0976235975030657;5.571027328343803e-08;5.9424291502333895e-08;0.08;7;10;-2.09759572920865;2.781258414241705e-05
21.589999999999893;-0.9409505974818615;-0.9409548641946229;4.266712761435976e-06;4.551160278865041e-06;0.08;8;11;-0.9409289177840875;2.1679697774001916e-05
21.66999999999989;0.3642778694975224;0.3642700654024076;7.804095114805065e-06;8.324368122458737e-06;0.08;8;11;0.364289993560493;1.2124062970630956e-05
21.74999999999989;1.6119949771444313;1.611984867761981;1.010938245027404e-05;1.0783341280292309e-05;0.08;8;11;1.6119956314488368;6.543044055451475e-07
21.829999999999888;2.6052136229031473;2.605202804282564;1.0818620583386007e-05;1.153986195561174e-05;0.08;8;11;2.6052027041479513;1.0918755195987728e-05
21.909999999999886;3.1871264157822665;3.187116595945865;9.819836401359083e-06;1.0474492161449688e-05;0.08;8;11;3.187105647798119;2.0767984147518348e-05
21.989999999999885;3.2658621154907195;3.2658548447747404;7.270715979057485e-06;7.755430377661317e-06;0.08;8;11;3.2658347770849963;2.733840572322066e-05
22.069999999999883;2.828990081195786;2.8289865074864236;3.5737093626586613e-06;3.811956653502572e-06;0.08;8;11;2.8289604885009974;2.9592694788860285e-05
22.14999999999988;1.9454827963680579;1.9454834838754298;-6.875073719214697e-07;7.333411967162344e-07;0.08;8;11;1.9454556214194254;2.7174948632469054e-05
22.22999999999988;0.7548266301922697;0.7548314703740889;-4.840181819232292e-06;5.162860607181112e-06;0.08;8;11;0.7548061633160931;2.0466876176628013e-05
22.309999999999878;-0.5549999931154581;-0.5549917644174827;-8.228697975454224e-06;8.777277840484505e-06;0.08;8;11;-0.5550105206499915;1.052753453334443e-05
22.389999999999876;-1.7772042542353648;-1.7771939361517082;-1.0318083656590815e-05;1.1005955900363535e-05;0.08;8;11;-1.7772031803625365;1.0738728282166932e-06
22.469999999999875;-2.718826977966791;-2.718816199495987;-1.0778470803884943e-05;1.149703552414394e-05;0.08;8;11;-2.7188144722279852;1.2505738805845823e-05
22.549999999999873;-3.231206644217971;-3.2311971070435694;-9.537174401774706e-06;1.0172986028559687e-05;0.08;8;11;-3.2311846809948186;2.1963223152621225e-05
22.62999999999987;-3.233449773270485;-3.233442983102611;-6.790167874193287e-06;7.242845732472839e-06;0.08;8;11;-3.2334218200734184;2.7953197066832303e-05
22.70999999999987;-2.725202227552119;-2.725199256408988;-2.971143130636733e-06;3.1692193393458487e-06;0.08;8;11;-2.72517269757672;2.9529975398734365e-05
22.789999999999868;-1.7867051221836951;-1.7867064391434688;1.3169597736784056e-06;1.4047570919236326e-06;0.08;8;11;-1.7866786775641534;2.6444619541710068e-05
22.869999999999866;-0.5661265172539358;-0.5661319143976324;5.397143696628248e-06;5.756953276403465e-06;0.08;8;11;-0.5661073330145683;1.918423936753122e-05
22.949999999999864;0.7438310609386416;0.7438224357013458;8.625237295833976e-06;9.200253115556242e-06;0.08;8;11;0.7438399560279247;8.895089283145197e-06
23.029999999999863;1.936354111634808;1.9363436200392274;1.04915955805307e-05;1.1191035285899413e-05;0.08;8;11;1.9363513132346766;2.7984001313985374e-06
23.10999999999986;2.823169463959388;2.8231587623977736;1.0701561614201438e-05;1.14149990551482e-05;0.08;8;11;2.8231554138753916;1.405008399624208e-05
23.18999999999986;3.2642684708427088;3.264259248856339;9.221986369656321e-06;9.836785460966742e-06;0.08;8;11;3.2642453872738937;2.3083568815085442e-05
23.269999999999857;3.1900112958742537;3.190005009411994;6.286462259641468e-06;6.705559743617566e-06;0.08;8;11;3.189982823208308;2.8472665945855624e-05
23.349999999999856;2.6121215122234887;2.6121191537795143;2.3584439743373764e-06;2.5156735726265348e-06;0.08;8;11;2.6120921456680555;2.9366555433174568e-05
23.429999999999854;1.621835208207545;1.6218371501282902;-1.941920745318626e-06;2.071382128339868e-06;0.08;8;11;1.6218095840957771;2.562411176776358e-05
23.509999999999852;0.375496815039116;0.37550275073800365;-5.935698887626906e-06;6.3314121468020325e-06;0.08;8;11;0.3754789788546143;1.7836184501740515e-05
23.58999999999985;-0.9301242411658635;-0.93011524880518;-8.992360683413025e-06;9.59185139564056e-06;0.08;8;11;-0.9301314734819603;7.232316096894564e-06
23.66999999999985;-2.0888991052103947;-2.088888475883942;-1.0629326452793464e-05;1.1337948216313028e-05;0.08;8;11;-2.088894591834599;4.5133757957671605e-06
23.749999999999847;-2.917882706694982;-2.917872118539686;-1.0588155296087365e-05;1.1294032315826522e-05;0.08;8;11;-2.917867160190281;1.55465047013692e-05
23.829999999999846;-3.2861967640415606;-3.286187888694337;-8.875347223380459e-06;9.46703703827249e-06;0.08;8;11;-3.2861726388593873;2.412518217331794e-05
23.909999999999844;-3.135692587407081;-3.1356868260900956;-5.761316985264386e-06;6.145404784282012e-06;0.08;8;11;-3.1356636923834045;2.8895023676422937e-05
23.989999999999842;-2.4901314782405444;-2.490129740539081;-1.7377014631669851e-06;1.8535482273781175e-06;0.08;8;11;-2.4901023752644176;2.9102976126793578e-05
24.06999999999984;-1.4514333422521262;-1.4514359025110264;2.560258900219381e-06;2.730942826900673e-06;0.08;8;11;-1.4514086260437131;2.4716208413044782e-05
24.14999999999984;-0.18358577732105652;-0.18359223133174374;6.454010687217959e-06;6.8842780663658235e-06;0.08;8;11;-0.18356935002634622;1.6427294710297247e-05
24.229999999999837;1.113245962445449;1.1132366336293562;9.328816092724068e-06;9.95073716557234e-06;0.08;8;11;1.1132515073176912;5.544872242246868e-06
24.309999999999835;2.2343206590973583;2.2343099282907986;1.0730806559777761e-05;1.1446193663762946e-05;0.08;8;11;2.2343144461336006;6.212963757690204e-06
24.389999999999834;3.0026452673016624;3.0026348286630387;1.0438638623710972e-05;1.1134547865291703e-05;0.08;8;11;3.002628277392153;1.698990950949053e-05
24.469999999999832;3.2969182244731554;3.2969097260339884;8.498439167059502e-06;9.065001778196802e-06;0.08;8;11;3.2968931399509187;2.5084522236706874e-05
24.54999999999983;3.0706803003241654;3.070675083801126;5.21652303930864e-06;5.5642912419292164e-06;0.08;8;11;3.0706510814835988;2.9218840566613835e-05
24.62999999999983;2.3596494877783116;2.359648376745698;1.111032613465568e-06;1.1851014543632724e-06;0.08;8;11;2.3596207476317765;2.874014653508894e-05
24.709999999999827;1.276081917252618;1.27608508711804;-3.169865421925877e-06;3.381189783387602e-06;0.08;8;11;1.2760581932372193;2.3724015398851606e-05
24.789999999999825;-0.008950918049418277;-0.0089439677380041;-6.95031141417779e-06;7.413665508456309e-06;0.08;8;11;-0.008965880433381368;1.4962383963090797e-05
24.869999999999823;-1.2925705893960633;-1.2925609559400102;-9.63345605309307e-06;1.0275686456632608e-05;0.08;8;11;-1.2925744279172404;3.8385211771352346e-06
24.94999999999982;-2.372121775534272;-2.3721109798444697;-1.0795689802112207e-05;1.1515402455586354e-05;0.08;8;11;-2.372113884174649;7.891359622647087e-06
25.0;-2.372121775534272;-2.8652631627533345;0.49314138721906264;1.1515402455586354e-05;0.050000000000178346;8;11;-2.865255488243925;0.49313371270965334
